S.No_Train,Model,Accuracy_Train,Accuracy_Test,F1-Score_Train,F1-Score_Test,AUC_Train,AUC_Test,Sensitivity_Train,Sensitivity_Test,Specificity_Train,Specificity_Test,Precision_Train,Precision_Test
1,Logistic Regression,0.8703840721060065,0.8703840721060065,0.6544117647058824,0.6544117647058824,0.8384926587525098,0.8384926587525098,0.49795305676855894,0.49795305676855894,0.9921895920735517,0.9921895920735517,0.9542364016736402,0.9542364016736402
3,Naive Bayes,0.8817178987018228,0.8817178987018228,0.6842625011221833,0.6842625011221833,1.0,1.0,0.5200600436681223,0.5200600436681223,1.0,1.0,1.0,1.0
4,Decision Tree,1.0,1.0,1.0,1.0,1.0,1.0,1.0,1.0,1.0,1.0,1.0,1.0
5,Random Forest,1.0,1.0,1.0,1.0,1.0,1.0,1.0,1.0,1.0,1.0,1.0,1.0
6,XGBoost,1.0,1.0,1.0,1.0,1.0,1.0,1.0,1.0,1.0,1.0,1.0,1.0
