S.No_Train,Model,Accuracy_Train,Sensitivity_Train,Precision_Train,Specificity_Train,F1-Score_Train,AUC_Train,S.No_Test,Accuracy_Test,Sensitivity_Test,Precision_Test,Specificity_Test,F1-Score_Test,AUC_Test
1,Logistic Regression,0.8693330867020919,0.5099109549315957,0.9270561965016747,0.9868786610878661,0.6579358615983977,0.8595626135474865,1,0.8733772785363557,0.5242903930131004,0.9322979859257462,0.9875479782201196,0.6711503188051359,0.8635321968109758
2,Naive Bayes,0.999150803793637,0.9965541946709426,1.0,1.0,0.9982741238188001,0.9999829255699483,2,0.9991255801439429,0.9964519650655022,1.0,1.0,0.9982228298017771,1.0
3,Decision Tree,1.0,1.0,1.0,1.0,1.0,1.0,3,1.0,1.0,1.0,1.0,1.0,1.0
4,Random Forest,1.0,1.0,1.0,1.0,1.0,1.0,4,1.0,1.0,1.0,1.0,1.0,1.0
5,K-Nearest Neighbors,0.9577840182955539,0.9008904506840435,0.9258116541616997,0.9763905160390516,0.9131810557985925,0.9911449671147969,5,0.9338467747359924,0.8507096069868996,0.877163360067539,0.9610372221726323,0.8637339799099412,0.9732908106238698
6,XGBoost,1.0,1.0,1.0,1.0,1.0,1.0,6,0.9998654738682989,1.0,0.9994544462629569,0.9998214763902527,0.9997271487039563,0.9999843810112856
