S.No_Train,Model,Accuracy_Train,Accuracy_Test,F1-Score_Train,F1-Score_Test,AUC_Train,AUC_Test,Sensitivity_Train,Sensitivity_Test,Specificity_Train,Specificity_Test,Precision_Train,Precision_Test
1,Logistic Regression,0.8721665433510459,0.8721665433510459,0.6623434307541974,0.6623434307541974,0.8471736555281707,0.8471736555281707,0.5087336244541485,0.5087336244541485,0.9910291886101937,0.9910291886101937,0.9488419445151438,0.9488419445151438
3,Naive Bayes,0.8718638595547185,0.8718638595547185,0.6487184215378942,0.6487184215378942,0.9999999512763074,0.9999999512763074,0.4800764192139738,0.4800764192139738,1.0,1.0,1.0,1.0
4,Decision Tree,1.0,1.0,1.0,1.0,1.0,1.0,1.0,1.0,1.0,1.0,1.0,1.0
5,Random Forest,1.0,1.0,1.0,1.0,1.0,1.0,1.0,1.0,1.0,1.0,1.0,1.0
6,XGBoost,1.0,1.0,1.0,1.0,1.0,1.0,1.0,1.0,1.0,1.0,1.0,1.0
