Model,Accuracy,Sensitivity,Precision,Specificity,F1,AUC
Logistic Regression,0.84585,0.8190904547726137,0.3759174311926605,0.8488249347185954,0.5153277786511555,0.9146351875454017
Naive Bayes,0.7521,0.7936031984007996,0.2589271156041089,0.7474859714428579,0.3904597983771822,0.8372004897045895
Decision Tree,0.8691,0.47626186906546725,0.37772493063812923,0.9127729318295461,0.4213085764809903,0.6945174004475066
Random Forest,0.9269,0.4682658670664668,0.7018726591760299,0.9778876604255792,0.5617505995203836,0.9085187807785089
KNN,0.77035,0.6911544227886057,0.25811870100783874,0.7791543974665259,0.3758662861801875,0.7968398849633463
XGBoost,0.9326,0.4927536231884058,0.7475360121304018,0.9814989721651203,0.5939759036144578,0.9246194864676669
