Model,Accuracy,Sensitivity,Precision,Specificity,F1,AUC
Logistic Regression,0.8490770448768699,0.8504659916385405,0.8481100322728091,0.8476880981151993,0.8492863780739837,0.928015487333794
Naive Bayes,0.7945469950136811,0.8467019459144131,0.7667249424578968,0.7423920441129491,0.8047312282183968,0.8469562979355905
Decision Tree,1.0,1.0,1.0,1.0,1.0,1.0
Random Forest,1.0,1.0,1.0,1.0,1.0,1.0
KNN,0.9200591691320472,0.9999861105323833,0.8621655928915287,0.840132227731711,0.9259757046487849,0.9997944725528536
XGBoost,0.9721863410975458,0.9546786671666875,0.9893200529679314,0.9896940150284039,0.9716907113018032,0.9955070550903232
