S.No,Model,Accuracy,Sensitivity,Precision,Specificity,F1-Score,AUC
1,Logistic Regression,0.8733772785363557,0.5242903930131004,0.9322979859257462,0.9875479782201196,0.6711503188051359,0.8635321968109758
2,Naive Bayes,0.9991255801439429,0.9964519650655022,1.0,1.0,0.9982228298017771,1.0
3,Decision Tree,1.0,1.0,1.0,1.0,1.0,1.0
4,Random Forest,1.0,1.0,1.0,1.0,1.0,1.0
5,K-Nearest Neighbors,0.9338467747359924,0.8507096069868996,0.877163360067539,0.9610372221726323,0.8637339799099412,0.9732908106238698
6,XGBoost,0.9998654738682989,1.0,0.9994544462629569,0.9998214763902527,0.9997271487039563,0.9999843810112856
7,MLP_relu,0.7930315463778839,0.1615720524017467,0.9916247906197655,0.9995536909756315,0.2778690448251584,0.8726611592165542
8,MLP_tanh,0.998755633281765,0.9998635371179039,0.9951106885780253,0.9983932875122735,0.9974814512286434,0.999906882932948
9,MLP_logistic,0.9982847918208112,0.9995906113537117,0.9934897599348976,0.9978577166830314,0.9965308482416162,0.9999481031769017
