S.No,Model,Accuracy,Sensitivity,Precision,Specificity,F1-Score,AUC
1,Logistic Regression,0.8703840721060065,0.49795305676855894,0.9542364016736402,0.9921895920735517,0.6544117647058824,0.8384926587525098
3,Naive Bayes,0.8817178987018228,0.5200600436681223,1.0,1.0,0.6842625011221833,1.0
4,Decision Tree,1.0,1.0,1.0,1.0,1.0,1.0
5,Random Forest,1.0,1.0,1.0,1.0,1.0,1.0
6,XGBoost,1.0,1.0,1.0,1.0,1.0,1.0
2,SVM,0.9719849330732495,0.9555131004366813,0.9324810227726728,0.9773721324645185,0.9438565747792681,0.9964130683326401
