S.No,Model,Accuracy,Sensitivity,Precision,Specificity,F1-Score,AUC
1,Logistic Regression,0.8693330867020919,0.5099109549315957,0.9270561965016747,0.9868786610878661,0.6579358615983977,0.8595626135474865
2,Naive Bayes,0.999150803793637,0.9965541946709426,1.0,1.0,0.9982741238188001,0.9999829255699483
3,Decision Tree,1.0,1.0,1.0,1.0,1.0,1.0
4,Random Forest,1.0,1.0,1.0,1.0,1.0,1.0
5,K-Nearest Neighbors,0.9577840182955539,0.9008904506840435,0.9258116541616997,0.9763905160390516,0.9131810557985925,0.9911449671147969
6,XGBoost,1.0,1.0,1.0,1.0,1.0,1.0
