Model,Train Accuracy,Train Sensitivity,Train Specificity,Train Precision,Train F1,Test Accuracy,Test Sensitivity,Test Specificity,Test Precision,Test F1
Logistic Regression,87.3171139536828,84.81174929632417,89.82247861104145,89.28560950564764,86.99119597530299,87.79847985471177,83.91282225237448,90.35224612640731,85.11095819714433,84.50764369288581
Naive Bayes,70.56614552852326,99.18903101747345,41.943260039573055,63.07898164804296,77.11616065866804,64.73733772785364,99.08412483039348,42.163638390368966,52.962241058882185,69.02785572918205
Decision Tree,99.75475852074798,99.50951704149598,100.0,100.0,99.75415560832519,99.9865473868299,99.96607869742198,100.0,100.0,99.98303647158609
Random Forest,99.76172560822674,99.52345121645348,100.0,100.0,99.76115650534256,99.49889015941346,99.93215739484395,99.21413443317356,98.81761006289308,99.37175865412995
XGBoost,99.72270991834573,99.44541983669147,100.0,100.0,99.72193888244581,99.65695836416224,99.33853459972863,99.86623564819975,99.79553586641676,99.56651083722907
KNN,89.12995011565366,87.3310481286403,90.92885210266701,90.59030989824237,88.930826534232,82.50151341898165,77.48473541383989,85.79868465054064,78.19426615318785,77.83788388635686
