Model,Train_Acc,Train_Se,Train_Sp,Train_AUC,Train_F1,Test_Acc,Test_Se,Test_Sp,Test_AUC,Test_F1
Logistic Regression,0.7661215051503049,0.07264913537296634,0.9930250206459389,0.5328370780094526,0.1328178587017522,0.7680613480425131,0.07663883946900232,0.993355629877369,0.5349972346731857,0.13972055888223553
Random Forest,0.999899096068951,0.9995907090964903,1.0,0.9997953545482452,0.999795312659912,0.8893448136687744,0.6121527302586561,0.9796655518394649,0.7959091410490605,0.7311212814645309
XGBoost,0.9046373764977927,0.6437804836454176,0.9899895096310515,0.8168849966382346,0.7689800574443381,0.8915982779496838,0.6142055563158615,0.981984392419175,0.7980949743675182,0.7357980162308386
K-Nearest Neighbors,0.8822787471095228,0.5953477267301067,0.9761623105595607,0.7857550186448335,0.7137599672868534,0.8511031884837885,0.5201861228958533,0.9589297658862876,0.7395579443910705,0.6319727325629728
Decision Tree,0.9999243220517132,0.9996930318223678,1.0,0.9998465159111839,0.9998464923502021,0.8157204358939862,0.6567674832352539,0.8675139353400223,0.7621407092876381,0.6365987928633017
Naive Bayes,0.7653394996846752,0.07653739895630819,0.9907149074838738,0.5336261532200911,0.13853989813242784,0.7666823624377774,0.07951279594908991,0.9905908584169454,0.5350518271830177,0.14347450302506481
