S.No,Model,Accuracy,Sensitivity,Precision,Specificity,F1-Score,AUC
1,Logistic Regression,0.8721665433510459,0.5087336244541485,0.9488419445151438,0.9910291886101937,0.6623434307541974,0.8471736555281707
3,Naive Bayes,0.8718638595547185,0.4800764192139738,1.0,1.0,0.6487184215378942,0.9999999512763074
4,Decision Tree,1.0,1.0,1.0,1.0,1.0,1.0
5,Random Forest,1.0,1.0,1.0,1.0,1.0,1.0
6,XGBoost,1.0,1.0,1.0,1.0,1.0,1.0
2,SVM,0.9681509383197686,0.9260371179039302,0.9436795994993742,0.9819244845130769,0.9347751222535987,0.9952184943346041
