,Model,Train Acc..,Train Precision,Train Recall,Train F1,Train ROC-AUC,Test Accuracy,Test Precision,Test Recall,Test F1,Test ROC-AUC
0,Logistic Regression,0.625194,0.610911,0.689584,0.647868,0.637895,0.591915,0.338508,0.687364,0.45362,0.635617
1,Decision Tree,1,1,1,1,1,0.999865,1,0.999454,0.999727,0.999727
2,Random Forest,1,1,1,1,1,1,1,1,1,1
3,Extra Trees,1,1,1,1,1,0.998823,0.997137,0.99809,0.997613,0.999969
4,Gradient Boosting,1,1,1,1,1,0.999933,1,0.999727,0.999864,1
5,KNN,0.973808,0.950624,0.999531,0.974464,0.999664,0.948039,0.829816,0.992767,0.904007,0.983573
6,XGBoost,1,1,1,1,1,1,1,1,1,1
