Model,Accuracy,Sensitivity,Precision,Specificity,F1,AUC
Logistic Regression,0.7959386331938633,0.7114309623430962,0.8561300804275145,0.8804463040446304,0.7771020462882842,0.868924354125453
Naive Bayes,0.9688256624825663,0.9376513249651325,1.0,1.0,0.9678225518536007,0.9999887674546626
Decision Tree,1.0,1.0,1.0,1.0,1.0,1.0
Random Forest,1.0,1.0,1.0,1.0,1.0,1.0
KNN,0.9597377963737797,0.9972217573221758,0.9276758282819896,0.9222538354253835,0.9611924568073174,0.9983505683101564
XGBoost,0.9999776847977685,1.0,0.9999553715873211,0.999955369595537,0.9999776852957256,1.0
MLP_relu,0.9996875871687587,1.0,0.9993755645008419,0.9993751743375174,0.9996876847400533,0.9999882646312215
MLP_tanh,0.9998884239888424,1.0,0.9997768977634001,0.9997768479776848,0.9998884364366598,0.9999997923472395
MLP_logistic,0.9989065550906555,1.0,0.9978178822324401,0.997813110181311,0.9989077494065067,0.9999499526969066
