Model,Acc,Sens,Prec,Spec,F1,AUC
LogReg_Tuned,0.8405865339342167,0.7123362445414847,0.6647987773815588,0.882531464786218,0.6877470355731226,0.8661156944812038
RF_Tuned,1.0,1.0,1.0,1.0,1.0,1.0
XGB_Tuned,0.9999327369341494,1.0,0.9997271487039563,0.9999107381951263,0.9998635557374812,0.9999682626047218
MLP_Tuned,0.9987892648146902,0.9997270742358079,0.9953804347826087,0.9984825493171472,0.9975490196078431,0.9998730504188872
