Model,Acc,Sens,Prec,Spec,F1,AUC
LogReg_Tuned,0.7961227336122734,0.7114309623430962,0.8565095911020364,0.8808145048814505,0.7772583486216165,0.8693102963261224
RF_Tuned,1.0,1.0,1.0,1.0,1.0,1.0
XGB_Tuned,0.999949790794979,1.0,0.9998995916728027,0.9998995815899582,0.9999497933158168,0.9999997713080809
MLP_Tuned,0.9993695955369596,1.0,0.9987407787113597,0.9987391910739191,0.9993699926963755,0.9999538344839123
