Model,Acc,Sens,Spec,F1,AUC
LogReg_Tuned,0.9480561534970627,0.7133246458411487,0.6674987773185888,0.8823154678021838,0.8661159484812038
RF_Tuned,1.0,1.0,1.0,1.0,1.0
XGB_Tuned,0.9999728914675441,1.0,0.9999770189513625,0.9998655573748728,0.9999662060427218
MLP_Tuned,0.9998702218482709,0.9997720145282707,0.9984424584711472,0.9975401968707431,0.9998703504188872
